14	aardvark
17	abacus
19	abbey
15	abbreviation
15	abdomen
19	ability
19	abnormality
17	abolishment
15	abortion
15	abrogation
12	absence
12	abundance
12	abuse
17	academics
19	academy
17	accelerant
16	accelerator
17	accent
12	acceptance
17	access
19	accessory
17	accident
15	accommodation
17	accompanist
17	accomplishment
12	accord
12	accordance
15	accordion
17	account
19	accountability
17	accountant
13	accounting
19	accuracy
15	accusation
12	acetate
17	achievement
16	achiever
12	acid
17	acknowledgment
17	acoustics
12	acquaintance
15	acquisition
12	acre
11	acrylic
17	act
15	action
15	activation
17	activist
19	activity
16	actor
17	actress
12	acupuncture
12	ad
15	adaptation
16	adapter
15	addiction
15	addition
17	address
12	adjective
17	adjustment
15	admin
15	administration
16	administrator
12	admire
15	admission
12	adobe
15	adoption
15	adrenalin
12	adrenaline
17	adult
12	adulthood
12	advance
17	advancement
12	advantage
17	advent
17	advertisement
13	advertising
12	advice
16	adviser
19	advocacy
12	advocate
16	affair
17	affect
17	affidavit
12	affiliate
19	affinity
14	afoul
12	afterlife
13	aftermath
15	afternoon
12	aftershave
14	aftershock
17	afterthought
12	age
19	agency
11	agenda
17	agent
15	aggradation
15	aggression
17	aglet
19	agony
17	agreement
12	agriculture
12	aid
12	aide
15	aim
16	air
13	airbag
17	airbus
17	aircraft
12	airfare
12	airfield
12	airforce
12	airline
14	airmail
15	airman
12	airplane
17	airport
16	airship
12	airspace
15	alarm
11	alb
17	albatross
15	album
14	alcohol
12	alcove
16	alder
17	alert
11	algebra
15	algorithm
17	alias
13	alibi
15	alien
15	allegation
17	allergist
19	alley
12	alliance
16	alligator
15	allocation
12	allowance
19	alloy
15	alluvium
11	almanac
19	almighty
12	almond
11	alpaca
18	alpenglow
15	alpenhorn
11	alpha
17	alphabet
16	altar
15	alteration
12	alternative
12	altitude
15	alto
15	aluminium
15	aluminum
17	amazement
15	amazon
16	ambassador
16	amber
12	ambience
19	ambiguity
15	ambition
12	ambulance
17	amendment
19	amenity
15	ammunition
19	amnesty
17	amount
17	amusement
15	anagram
11	analgesia
13	analog
12	analogue
19	analogy
17	analysis
17	analyst
17	analytics
17	anarchist
19	anarchy
19	anatomy
16	ancestor
12	android
17	anesthesiologist
19	anesthesiology
14	angel
16	anger
11	angina
15	angiosperm
12	angle
11	angora
15	angstrom
13	anguish
14	animal
12	anime
12	ankle
17	anklet
19	anniversary
17	announcement
14	annual
14	anorak
16	answer
17	ant
16	anteater
17	antecedent
16	antechamber
12	antelope
12	antennae
16	anterior
19	anthropology
19	antibody
15	anticipation
15	anticodon
15	antigen
12	antique
19	antiquity
16	antler
19	anxiety
19	anybody
12	anyone
13	anything
12	anywhere
17	apartment
12	ape
12	aperitif
19	apology
16	app
17	apparatus
14	apparel
14	appeal
12	appearance
15	appellation
18	appendix
12	appetite
12	applause
12	apple
12	applewood
12	appliance
15	application
17	appointment
15	appreciation
15	apprehension
13	approach
15	appropriation
14	approval
15	apron
12	apse
15	aquarium
16	aquifer
12	arcade
13	arch
14	arch-rival
17	archaeologist
19	archaeology
19	archeology
16	archer
17	architect
12	architecture
17	archives
11	area
11	arena
17	argument
11	arithmetic
14	ark
15	arm
17	arm-rest
15	armadillo
17	armament
16	armchair
12	armoire
16	armor
16	armour
17	armpit
17	armrest
19	army
17	arrangement
19	array
17	arrest
14	arrival
12	arrogance
18	arrow
17	art
19	artery
16	arthur
12	artichoke
12	article
17	artifact
16	artificer
17	artist
12	ascend
17	ascent
17	ascot
13	ash
15	ashram
19	ashtray
12	aside
17	asparagus
17	aspect
17	asphalt
17	ass
15	assassination
17	assault
19	assembly
15	assertion
17	assessment
17	asset
17	assignment
17	assist
12	assistance
17	assistant
12	associate
15	association
15	assumption
12	assurance
14	asterisk
15	astrakhan
12	astrolabe
16	astrologer
19	astrology
19	astronomy
19	asymmetry
16	atelier
17	atheist
12	athlete
17	athletics
15	atm
12	atmosphere
15	atom
15	atrium
17	attachment
14	attack
16	attacker
17	attainment
17	attempt
12	attendance
17	attendant
15	attention
15	attenuation
11	attic
12	attitude
19	attorney
15	attraction
12	attribute
15	auction
12	audience
17	audit
15	auditorium
17	aunt
15	authentication
19	authenticity
16	author
15	authorisation
19	authority
15	authorization
15	auto
19	autoimmunity
15	automaton
15	autumn
19	availability
12	avalanche
12	avenue
12	average
12	award
17	awareness
12	awe
17	axis
13	azimuth
12	babe
15	baboon
11	babushka
19	baby
16	bachelor
14	back
16	back-up
12	backbone
15	backburn
16	backdrop
12	background
14	backpack
16	backup
12	backyard
15	bacon
15	bacterium
12	badge
16	badger
17	bafflement
13	bag
14	bagel
12	baggage
19	baggy
12	bagpipe
14	bail
17	bait
12	bake
16	baker
19	bakery
12	bakeware
11	balaclava
11	balalaika
12	balance
19	balcony
14	ball
17	ballet
15	balloon
17	balloonist
17	ballot
14	ballpark
15	bamboo
15	ban
11	banana
12	band
11	bandana
11	bandanna
16	bandolier
13	bandwidth
12	bangle
15	banjo
14	bank
14	bankbook
16	banker
13	banking
19	bankruptcy
16	banner
12	banquette
15	banyan
11	baobab
16	bar
12	barbecue
12	barbeque
16	barber
12	barbiturate
15	bargain
12	barge
12	baritone
15	barium
14	bark
15	barn
16	barometer
17	barracks
12	barrage
14	barrel
16	barrier
14	barstool
16	bartender
12	base
14	baseball
12	baseboard
12	baseline
17	basement
17	basics
15	basin
17	basis
17	basket
14	basketball
17	bass
17	bassinet
15	bassoon
17	bat
13	bath
16	bather
12	bathhouse
12	bathrobe
15	bathroom
11	bathtub
15	battalion
16	batter
19	battery
13	batting
12	battle
16	battleship
19	bay
17	bayou
13	beach
12	bead
14	beak
15	beam
15	bean
12	beanie
14	beanstalk
16	bear
12	beard
17	beast
12	beastie
17	beat
13	beating
19	beauty
16	beaver
14	beck
12	bed
14	bedrock
15	bedroom
12	bee
13	beech
12	beef
16	beer
17	beet
12	beetle
16	beggar
16	beginner
13	beginning
11	begonia
12	behalf
16	behavior
16	behaviour
13	beheading
17	behest
12	behold
13	being
19	belfry
12	belief
16	believer
14	bell
19	belligerency
17	bellows
19	belly
17	belt
15	ben
13	bench
12	bend
19	beneficiary
17	benefit
14	bengal
17	beret
19	berry
16	best-seller
16	bestseller
17	bet
12	beverage
12	beyond
17	bias
19	bibliography
12	bicycle
12	bid
16	bidder
13	bidding
17	bidet
17	bifocals
17	bijou
12	bike
13	bikini
14	bill
12	billboard
13	billing
15	billion
15	bin
17	binoculars
19	biology
19	biopsy
12	biosphere
12	biplane
13	birch
12	bird
16	bird-watcher
13	birdbath
12	birdcage
12	birdhouse
13	birth
19	birthday
17	bit
12	bite
16	bitter
14	black
19	blackberry
12	blackbird
12	blackboard
13	blackfish
17	blackness
16	bladder
12	blade
12	blame
14	blank
17	blanket
17	blast
16	blazer
12	blend
13	blessing
17	blight
12	blind
16	blinker
16	blister
12	blizzard
14	block
16	blocker
13	blog
16	blogger
12	blood
18	bloodflow
15	bloom
16	bloomer
17	bloomers
15	blossom
12	blouse
18	blow
15	blowgun
12	blowhole
12	blue
19	blueberry
13	blush
16	boar
12	board
17	boat
12	boatload
12	boatyard
11	bob
17	bobcat
19	body
13	bog
15	bolero
17	bolt
11	bomb
16	bomber
13	bombing
12	bond
13	bonding
15	bondsman
12	bone
12	bonfire
15	bongo
17	bonnet
13	bonsai
17	bonus
15	boogeyman
14	book
12	bookcase
12	bookend
13	booking
17	booklet
15	boolean
15	boom
15	boon
17	boost
16	booster
17	boot
12	bootee
12	bootie
19	booty
16	border
12	bore
16	borrower
13	borrowing
15	bosom
17	boss
19	botany
16	bother
12	bottle
13	bottling
15	bottom
12	bottom-line
16	boudoir
13	bough
16	boulder
12	boulevard
19	boundary
17	bouquet
12	bourgeoisie
17	bout
12	boutique
18	bow
16	bower
14	bowl
16	bowler
13	bowling
12	bowtie
18	box
16	boxer
13	boxspring
19	boy
17	boycott
12	boyfriend
12	boyhood
11	bra
12	brace
17	bracelet
17	bracket
15	brain
12	brake
13	branch
12	brand
19	brandy
17	brass
12	brassiere
17	bratwurst
12	bread
11	breadcrumb
14	break
15	breakdown
17	breakfast
17	breakpoint
13	breakthrough
17	breast
12	breastplate
13	breath
12	breeze
16	brewer
19	bribery
14	brick
13	bricklaying
12	bride
12	bridge
12	brief
13	briefing
19	briefly
17	briefs
17	brilliant
14	brink
12	broad
17	broadcast
13	broccoli
12	brochure
16	broiler
16	broker
17	bronchitis
15	bronco
12	bronze
13	brooch
12	brood
14	brook
15	broom
16	brother
18	brother-in-law
18	brow
15	brown
16	browser
13	browsing
13	brush
12	brushfire
13	brushing
12	bubble
14	buck
17	bucket
12	buckle
12	bud
19	buddy
17	budget
15	buffalo
16	buffer
17	buffet
13	bug
19	buggy
12	bugle
13	building
11	bulb
14	bulk
14	bull
16	bull-fighter
16	bulldozer
17	bullet
16	bump
16	bumper
15	bun
13	bunch
18	bungalow
12	bunghole
12	bunkhouse
15	burden
17	bureau
16	burglar
14	burial
12	burlesque
15	burn
17	burn-out
13	burning
17	burst
17	bus
13	bush
17	business
15	businessman
17	bust
12	bustle
12	butane
16	butcher
16	butler
16	butter
19	butterfly
15	button
19	buy
16	buyer
13	buying
19	buzz
12	buzzard
16	c-clamp
11	cabana
12	cabbage
15	cabin
17	cabinet
12	cable
12	caboose
15	cacao
17	cactus
19	caddy
17	cadet
12	cafe
12	caffeine
15	caftan
12	cage
12	cake
15	calcification
15	calculation
16	calculator
17	calculus
16	calendar
12	calf
16	caliber
12	calibre
15	calico
14	call
15	calm
14	camel
15	cameo
11	camera
16	camp
15	campaign
13	campaigning
12	campanile
16	camper
17	campus
15	can
14	canal
14	cancel
16	cancer
11	candelabra
19	candidacy
12	candidate
12	candle
19	candy
12	cane
14	cannibal
15	cannon
12	canoe
15	canon
19	canopy
15	canteen
17	canvas
16	cap
19	capability
19	capacity
12	cape
14	capital
15	capitalism
15	capitulation
15	capon
13	cappelletti
15	cappuccino
15	captain
15	caption
16	captor
16	car
15	caravan
15	carbon
14	carboxyl
12	card
12	cardboard
15	cardigan
12	care
16	career
15	cargo
12	carload
15	carnation
14	carnival
14	carol
12	carotene
16	carp
16	carpenter
17	carpet
13	carpeting
17	carport
12	carriage
16	carrier
17	carrot
19	carry
17	cart
14	cartel
16	carter
12	cartilage
12	cartload
15	cartoon
12	cartridge
13	carving
12	cascade
12	case
17	casement
13	cash
16	cashier
15	casino
17	casket
12	casserole
14	cassock
17	cast
17	castanet
12	castle
19	casualty
17	cat
11	catacomb
12	catalogue
17	catalysis
17	catalyst
15	catamaran
12	catastrophe
13	catch
16	catcher
19	category
16	caterpillar
14	cathedral
15	cation
16	catsup
12	cattle
16	cauliflower
14	causal
12	cause
19	causeway
15	caution
12	cave
16	caviar
12	cd
13	ceiling
15	celebration
19	celebrity
11	celeriac
19	celery
14	cell
16	cellar
15	cello
17	celsius
17	cement
19	cemetery
13	cenotaph
17	census
17	cent
16	center
16	centimeter
12	centre
15	centurion
19	century
12	cephalopod
11	ceramic
17	ceramics
14	cereal
19	ceremony
19	certainty
12	certificate
15	certification
14	cesspool
12	chafe
15	chain
19	chainstay
16	chair
17	chairlift
15	chairman
15	chairperson
12	chaise
17	chalet
12	chalice
14	chalk
12	challenge
16	chamber
12	champagne
15	champion
16	championship
12	chance
16	chandelier
12	change
14	channel
17	chaos
16	chap
14	chapel
15	chaplain
16	chapter
16	character
11	characteristic
15	characterization
12	chard
12	charge
19	charity
15	charlatan
15	charm
17	charset
17	chart
16	charter
15	chasm
17	chassis
19	chastity
12	chasuble
17	chateau
16	chatter
16	chauffeur
17	chauvinist
14	check
13	checking
17	checkout
15	checkroom
14	cheek
16	cheer
12	cheese
13	cheetah
12	chef
15	chem
14	chemical
19	chemistry
17	chemotaxis
12	cheque
19	cherry
17	chess
17	chest
14	chick
15	chicken
19	chicory
12	chief
16	chiffonier
12	child
13	childbirth
12	childhood
13	chili
14	chill
12	chime
12	chimpanzee
15	chin
15	chino
16	chip
14	chipmunk
17	chit-chat
19	chivalry
12	chive
12	chocolate
12	choice
16	choir
16	choker
14	cholesterol
13	choosing
16	chop
14	chopstick
12	chord
17	chorus
16	chowder
12	chrome
13	chromolithograph
12	chronicle
13	chronograph
16	chronometer
11	chub
14	chuck
13	chug
13	church
15	churn
11	cicada
12	cigarette
11	cinema
15	circadian
12	circle
17	circuit
15	circulation
12	circumference
12	circumstance
17	cirrhosis
17	cirrus
15	citizen
16	citizenship
19	city
15	civilian
15	civilisation
15	civilization
15	claim
15	clam
15	clan
14	clank
12	clapboard
15	clarification
17	clarinet
19	clarity
16	clasp
17	class
11	classic
15	classification
12	classmate
15	classroom
12	clause
12	clave
12	clavicle
16	clavier
18	claw
19	clay
16	cleaner
12	clearance
13	clearing
17	cleat
12	cleavage
12	clef
17	cleft
15	clergyman
11	cleric
14	clerk
14	click
17	client
12	cliff
12	climate
11	climb
11	clinic
16	clip
12	clipboard
16	clipper
14	cloak
15	cloakroom
14	clock
14	clockwork
17	clogs
16	cloister
12	clone
12	close
17	closet
13	closing
12	closure
13	cloth
17	clothes
13	clothing
12	cloud
17	cloudburst
12	clove
16	clover
11	club
12	clue
16	cluster
13	clutch
16	co-producer
13	coach
14	coal
15	coalition
17	coast
17	coat
11	cob
11	cobweb
14	cock
17	cockpit
13	cockroach
14	cocktail
11	cocoa
17	coconut
12	cod
12	code
12	codepage
15	codon
12	codpiece
15	coevolution
16	cofactor
12	coffee
15	coffin
15	cohesion
17	cohort
14	coil
15	coin
12	coincidence
12	coinsurance
12	coke
12	cold
15	coliseum
15	collaboration
15	collagen
12	collapse
16	collar
14	collateral
12	colleague
15	collection
15	collectivisation
15	collectivization
16	collector
12	college
15	collision
19	colloquy
15	colon
14	colonial
15	colonialism
15	colonisation
15	colonization
19	colony
16	color
17	colorlessness
17	colt
15	column
17	columnist
11	comb
17	combat
15	combination
12	combine
14	comeback
19	comedy
17	comfort
12	comfortable
11	comic
17	comics
11	comma
12	command
16	commander
17	commandment
17	comment
12	commerce
14	commercial
15	commission
17	commitment
12	committee
19	commodity
15	common
12	commonsense
15	commotion
17	communicant
15	communication
15	communion
17	communist
19	community
16	commuter
19	company
15	comparison
17	compass
15	compassion
12	compassionate
15	compensation
12	competence
15	competition
16	competitor
17	complaint
17	complement
15	completion
18	complex
19	complexity
12	compliance
15	complication
19	complicity
17	compliment
17	component
17	comportment
16	composer
12	composite
15	composition
17	compost
15	comprehension
17	compress
12	compromise
16	comptroller
15	compulsion
16	computer
16	comradeship
15	con
12	concentrate
15	concentration
17	concept
15	conception
15	concern
17	concert
15	conclusion
12	concrete
15	condition
15	condominium
16	condor
17	conduct
16	conductor
12	cone
19	confectionery
12	conference
12	confidence
19	confidentiality
15	configuration
15	confirmation
17	conflict
15	conformation
15	confusion
11	conga
15	congo
15	congregation
17	congress
15	congressman
15	congressperson
16	conifer
15	connection
15	connotation
12	conscience
17	consciousness
17	consensus
17	consent
12	consequence
15	conservation
12	conservative
15	consideration
17	consignment
17	consist
19	consistency
12	console
17	consonant
19	conspiracy
16	conspirator
17	constant
15	constellation
15	constitution
17	constraint
15	construction
14	consul
12	consulate
13	consulting
16	consumer
15	consumption
17	contact
17	contact lens
15	contagion
16	container
17	content
15	contention
17	contest
17	context
17	continent
19	contingency
19	continuity
16	contour
17	contract
16	contractor
14	contrail
19	contrary
17	contrast
15	contribution
16	contributor
14	control
16	controller
19	controversy
15	convection
12	convenience
15	convention
15	conversation
15	conversion
17	convert
12	convertible
15	conviction
14	cook
12	cookie
13	cooking
15	coonskin
15	cooperation
15	coordination
16	coordinator
16	cop
17	cop-out
12	cope
16	copper
19	copy
13	copying
17	copyright
16	copywriter
14	coral
12	cord
19	corduroy
12	core
14	cork
17	cormorant
15	corn
16	corner
12	cornerstone
17	cornet
14	corporal
15	corporation
15	corporatism
17	corps
14	corral
12	correspondence
17	correspondent
16	corridor
15	corruption
12	corsage
17	cost
12	costume
17	cot
12	cottage
15	cotton
13	couch
16	cougar
13	cough
14	council
15	councilman
16	councilor
15	councilperson
14	counsel
13	counseling
13	counselling
16	counsellor
16	counselor
17	count
16	counter
12	counter-force
17	counterpart
15	counterterrorism
17	countess
19	country
12	countryside
19	county
12	couple
15	coupon
12	courage
12	course
17	court
12	courthouse
15	courtroom
15	cousin
12	covariate
16	cover
12	coverage
14	coverall
18	cow
14	cowbell
19	cowboy
11	crab
14	crack
16	cracker
12	cradle
17	craft
15	craftsman
12	crane
19	cranky
16	crap
13	crash
12	crate
17	cravat
18	craw
12	crawdad
13	crayfish
15	crayon
19	crazy
15	cream
15	creation
15	creationism
17	creationist
12	creative
19	creativity
16	creator
12	creature
12	creche
14	credential
11	credenza
19	credibility
17	credit
16	creditor
14	creek
12	creme brulee
17	crest
18	crew
15	crewman
12	crewmate
16	crewmember
15	crewmen
11	crib
12	cribbage
17	cricket
16	cricketer
12	crime
14	criminal
12	crinoline
17	crisis
11	criteria
15	criterion
11	critic
15	criticism
12	crocodile
17	crocus
17	croissant
14	crook
16	crop
17	cross
15	cross-contamination
13	cross-stitch
13	crotch
16	croup
18	crow
12	crowd
15	crown
15	crucifixion
12	crude
19	cruelty
12	cruise
11	crumb
16	crusader
13	crush
19	cry
14	crystal
19	crystallography
11	cub
15	cuckoo
16	cucumber
12	cue
14	cuff-link
12	cuisine
16	cultivar
16	cultivator
12	culture
17	culvert
12	cummerbund
16	cup
12	cupboard
12	cupcake
11	cupola
12	cure
15	curio
19	curiosity
14	curl
16	curler
19	currency
17	current
15	curriculum
12	curse
16	cursor
17	curtailment
15	curtain
12	curve
15	cushion
12	custard
19	custody
15	custom
16	customer
17	cut
12	cuticle
17	cutlet
16	cutover
13	cutting
15	cyclamen
12	cycle
12	cyclone
12	cyclooxygenase
16	cylinder
14	cymbal
11	cynic
17	cyst
12	cytokine
15	cytoplasm
22	dad
29	daddy
24	daffodil
26	dagger
21	dahlia
29	daily
29	daisy
25	dam
22	damage
22	dame
25	damn
22	dance
26	dancer
23	dancing
26	danger
22	dare
24	dark
27	darkness
25	darn
27	dart
23	dash
22	dashboard
21	data
22	database
22	date
26	daughter
25	dawn
29	day
22	daybed
27	daylight
22	dead
22	deadline
24	deal
26	dealer
23	dealing
27	dearest
23	death
23	deathwatch
22	debate
27	debris
27	debt
26	debtor
22	decade
22	decadence
29	decency
24	decimal
25	decision
23	decision-making
24	deck
25	declaration
25	declination
22	decline
26	decoder
27	decongestant
25	decoration
22	decrease
25	decryption
25	dedication
22	deduce
25	deduction
22	deed
26	deep
26	deer
27	default
27	defeat
27	defendant
26	defender
22	defense
27	deficit
25	definition
25	deformation
25	degradation
22	degree
29	delay
25	deliberation
27	delight
29	delivery
22	demand
29	democracy
27	democrat
25	demon
26	demur
25	den
25	denim
26	denominator
29	density
27	dentist
27	deodorant
27	department
22	departure
29	dependency
27	dependent
27	deployment
27	deposit
25	deposition
27	depot
25	depression
22	depressive
23	depth
29	deputy
29	derby
25	derivation
22	derivative
24	derrick
27	descendant
27	descent
25	description
27	desert
25	design
25	designation
26	designer
22	desire
24	desk
26	desktop
27	dessert
25	destination
29	destiny
26	destroyer
25	destruction
24	detail
22	detainee
27	detainment
25	detection
22	detective
26	detector
25	detention
25	determination
26	detour
25	devastation
26	developer
23	developing
27	development
24	developmental
22	deviance
25	deviation
22	device
24	devil
28	dew
28	dhow
27	diabetes
25	diadem
27	diagnosis
25	diagram
24	dial
27	dialect
22	dialogue
25	diam
22	diamond
26	diaper
25	diaphragm
27	diarist
29	diary
22	dibble
24	dick
29	dickey
22	dictaphone
26	dictator
25	diction
29	dictionary
22	die
24	diesel
27	diet
22	difference
24	differential
29	difficulty
22	diffuse
23	dig
25	digestion
26	digger
23	digging
27	digit
29	dignity
25	dilapidation
24	dill
25	dilution
22	dime
25	dimension
22	dimple
26	diner
29	dinghy
23	dining
26	dinner
26	dinosaur
22	dioxide
21	diploma
29	diplomacy
24	dipstick
25	direction
22	directive
26	director
29	directory
24	dirndl
27	dirt
29	disability
22	disadvantage
27	disagreement
27	disappointment
27	disarmament
26	disaster
22	discharge
22	discipline
26	disclaimer
22	disclosure
25	disco
25	disconnection
27	discount
22	discourse
29	discovery
29	discrepancy
25	discretion
25	discrimination
25	discussion
25	disdain
22	disease
27	disembodiment
27	disengagement
22	disguise
27	disgust
23	dish
26	dishwasher
24	disk
29	disparity
23	dispatch
27	displacement
29	display
24	disposal
26	disposer
25	disposition
22	dispute
22	disregard
25	disruption
25	dissemination
22	dissonance
22	distance
25	distinction
25	distortion
25	distribution
26	distributor
27	district
27	divalent
25	divan
26	diver
29	diversity
22	divide
22	dividend
26	divider
22	divine
23	diving
25	division
22	divorce
21	doc
24	dock
26	doctor
22	doctorate
22	doctrine
27	document
29	documentary
25	documentation
22	doe
23	dog
22	doggie
22	dogsled
22	dogwood
23	doing
24	doll
26	dollar
26	dollop
25	dolman
26	dolor
25	dolphin
25	domain
22	dome
25	domination
25	donation
29	donkey
26	donor
27	donut
26	door
24	doorbell
21	doorknob
27	doorpost
29	doorway
29	dory
22	dose
27	dot
22	double
23	doubling
27	doubt
26	doubter
25	down
24	downfall
22	downforce
22	downgrade
22	download
27	downstairs
25	downtown
25	downturn
25	dozen
27	draft
23	drag
25	dragon
29	dragonfly
26	dragster
25	drain
22	drainage
22	drake
21	drama
22	dramaturge
27	drapes
28	draw
22	drawbridge
26	drawer
23	drawing
25	dream
26	dreamer
26	dredger
27	dress
26	dresser
23	dressing
24	drill
24	drink
23	drinking
22	drive
26	driver
29	driveway
23	driving
22	drizzle
29	dromedary
26	drop
29	drudgery
23	drug
25	drum
26	drummer
24	drunk
26	dryer
24	duck
23	duckling
22	dud
22	dude
22	due
24	duel
23	dueling
24	duffel
27	dugout
26	dulcimer
26	dumbwaiter
26	dump
24	dump truck
22	dune
29	dune buggy
27	dungarees
25	dungeon
26	duplexer
25	duration
24	dusk
27	dust
25	dust storm
26	duster
29	duty
22	dwarf
24	dwell
23	dwelling
27	dynamics
22	dynamite
25	dynamo
29	dynasty
25	dysfunction
24	e-book
24	e-mail
26	e-reader
22	eagle
26	ear
25	eardrum
27	earmuffs
27	earnings
23	earplug
23	earring
27	earrings
23	earth
22	earthquake
25	earthworm
22	ease
24	easel
27	east
23	eating
27	eaves
26	eavesdropper
21	ecclesia
22	eclipse
21	ecliptic
29	ecology
27	economics
29	economy
25	ecosystem
25	ectoderm
24	ectodermal
27	ecumenist
29	eddy
22	edge
26	edger
23	editing
25	edition
26	editor
24	editorial
25	education
24	eel
27	effacement
27	effect
22	effective
27	effectiveness
26	effector
29	efficacy
29	efficiency
27	effort
23	egg
22	egghead
23	eggnog
27	eggplant
25	ego
22	eicosanoid
26	ejector
28	elbow
25	election
29	electricity
25	electrocardiogram
27	electronics
27	element
27	elephant
25	elevation
26	elevator
23	eleventh
22	elf
27	elicit
29	eligibility
25	elimination
22	elite
26	elixir
24	elk
22	ellipse
25	elm
25	elongation
24	email
22	emanate
27	embarrassment
29	embassy
27	embellishment
23	embossing
25	embryo
22	emerald
22	emergence
29	emergency
27	emergent
29	emery
25	emission
26	emitter
25	emotion
27	emphasis
22	empire
29	employ
22	employee
26	employer
27	employment
27	empowerment
27	emu
27	enactment
27	encirclement
22	enclave
26	encounter
27	encouragement
21	encyclopedia
22	end
25	endoderm
27	endorsement
25	endothelium
27	endpoint
29	enemy
29	energy
27	enforcement
27	engagement
22	engine
26	engineer
23	engineering
21	enigma
27	enjoyment
29	enquiry
27	enrollment
22	enterprise
27	entertainment
25	enthusiasm
29	entirety
29	entity
22	entrance
26	entrepreneur
29	entry
22	envelope
27	environment
29	envy
22	enzyme
22	epauliere
22	epee
21	ephemera
27	ephemeris
21	epic
22	episode
25	epithelium
23	epoch
25	eponym
29	epoxy
24	equal
29	equality
25	equation
28	equinox
27	equipment
29	equity
27	equivalent
21	era
25	erection
25	erosion
26	error
26	escalator
22	escape
27	escort
22	espadrille
26	espalier
29	essay
22	essence
24	essential
27	establishment
22	estate
22	estimate
25	estrogen
29	estuary
29	eternity
27	ethernet
27	ethics
29	ethnicity
24	ethyl
25	euphonium
25	eurocentrism
25	evaluation
26	evaluator
25	evaporation
22	eve
23	evening
26	evening-wear
27	event
29	everybody
22	everyone
23	everything
25	eviction
22	evidence
24	evil
25	evocation
25	evolution
22	ex-husband
22	ex-wife
25	exaggeration
25	exam
25	examination
26	examiner
22	example
25	exasperation
22	excellence
25	exception
27	excerpt
27	excess
22	exchange
27	excitement
25	exclamation
25	excursion
22	excuse
25	execution
22	executive
26	executor
22	exercise
27	exhaust
25	exhaustion
27	exhibit
25	exhibition
22	exile
22	existence
27	exit
22	exocrine
25	expansion
25	expansionism
29	expectancy
25	expectation
25	expedition
22	expense
22	experience
27	experiment
25	experimentation
27	expert
22	expertise
25	explanation
25	exploration
26	explorer
25	explosion
27	export
22	expose
25	exposition
22	exposure
25	expression
25	extension
27	extent
26	exterior
24	external
25	extinction
22	extreme
27	extremist
22	eye
24	eyeball
28	eyebrow
27	eyebrows
27	eyeglasses
23	eyelash
27	eyelashes
22	eyelid
27	eyelids
26	eyeliner
25	eyestrain
21	fabric
22	face
27	facelift
27	facet
29	facility
22	facsimile
27	fact
26	factor
29	factory
29	faculty
27	fahrenheit
24	fail
22	failure
27	fairness
29	fairy
23	faith
24	faithful
24	fall
29	fallacy
27	falling-out
22	fame
26	familiar
29	familiarity
29	family
25	fan
23	fang
27	fanlight
29	fanny
24	fanny-pack
29	fantasy
25	farm
26	farmer
23	farming
22	farmland
21	fascia
25	fashion
27	fat
22	fate
26	father
28	father-in-law
22	fatigue
27	fatigues
27	faucet
27	fault
28	fav
26	favor
22	favorite
25	fawn
28	fax
26	fear
27	feast
26	feather
22	feature
23	fedelini
25	federation
21	fedora
22	fee
22	feed
24	feedback
23	feeding
24	feel
23	feeling
28	fellow
29	felony
22	female
25	fen
22	fence
23	fencing
26	fender
23	feng
29	ferry
27	ferryboat
26	fertilizer
24	festival
27	fetus
28	few
26	fiber
27	fiberglass
22	fibre
27	fibroblast
27	fibrosis
27	ficlet
25	fiction
22	fiddle
22	field
29	fiery
21	fiesta
23	fifth
23	fig
27	fight
26	fighter
22	figure
22	figurine
22	file
23	filing
24	fill
29	filly
25	film
26	filter
23	filth
24	final
22	finance
23	financing
23	finding
22	fine
26	finer
26	finger
24	fingernail
23	finish
26	finisher
26	fir
22	fire
25	fireman
22	fireplace
24	firewall
25	firm
27	first
23	fish
22	fishbone
25	fisherman
29	fishery
23	fishing
26	fishmonger
27	fishnet
23	fisting
27	fit
27	fitness
28	fix
22	fixture
23	flag
26	flair
22	flame
26	flanker
22	flare
23	flash
27	flat
27	flatboat
26	flavor
28	flax
24	fleck
22	fleece
23	flesh
29	flexibility
24	flick
26	flicker
27	flight
27	flint
24	flintlock
27	flip-flops
24	flock
22	flood
25	floodplain
26	floor
22	floozie
26	flour
28	flow
26	flower
27	flu
25	flugelhorn
22	fluke
22	flume
23	flung
22	flute
29	fly
26	flytrap
25	foam
21	fob
27	focus
23	fog
22	fold
26	folder
24	folk
22	folklore
26	follower
23	following
22	fondue
27	font
22	food
24	fool
27	foot
22	footage
24	football
22	footnote
27	footprint
27	footrest
26	footstep
24	footstool
26	footwear
22	forage
26	forager
29	foray
22	force
22	ford
25	forearm
26	forebear
27	forecast
22	forehead
26	foreigner
21	forelimb
27	forest
29	forestry
26	forever
29	forgery
24	fork
25	form
24	formal
22	formamide
27	format
25	formation
26	former
21	formula
27	fort
22	forte
27	fortnight
27	fortress
22	fortune
25	forum
25	foundation
26	founder
23	founding
25	fountain
27	fourths
24	fowl
28	fox
22	foxglove
25	fraction
22	fragrance
22	frame
24	framework
22	fratricide
22	fraud
26	fraudster
24	freak
22	freckle
25	freedom
22	freelance
26	freezer
23	freezing
27	freight
26	freighter
29	frenzy
25	freon
29	frequency
25	fresco
25	friction
22	fridge
22	friend
26	friendship
22	frigate
27	fright
22	fringe
24	frock
23	frog
27	front
26	frontier
27	frost
25	frown
27	fruit
25	frustration
29	fry
24	fuck
24	fuel
25	fugato
27	fulfillment
24	full
25	fun
25	function
29	functionality
22	fund
23	funding
23	fundraising
24	funeral
26	fur
22	furnace
22	furniture
29	furry
25	fusarium
25	futon
22	future
37	gadget
32	gaffe
36	gaffer
35	gain
37	gaiters
32	gale
36	gall-bladder
39	gallery
39	galley
35	gallon
37	galoshes
33	gambling
32	game
32	gamebird
33	gaming
39	gamma-ray
36	gander
33	gang
36	gap
32	garage
31	garb
32	garbage
35	garden
31	garlic
37	garment
36	garter
37	gas
37	gasket
32	gasoline
36	gasp
32	gastropod
32	gate
39	gateway
36	gather
33	gathering
36	gator
32	gauge
37	gauntlet
34	gavel
35	gazebo
32	gazelle
36	gear
37	gearshift
34	geek
34	gel
33	gelding
35	gem
34	gemsbok
36	gender
32	gene
34	general
35	generation
36	generator
39	generosity
37	genetics
32	genie
37	genius
32	genocide
32	genre
35	gentleman
39	geography
39	geology
39	geometry
35	geranium
34	gerbil
32	gesture
36	geyser
35	gherkin
37	ghost
37	giant
37	gift
33	gig
35	gigantism
32	giggle
33	ginseng
32	giraffe
32	girdle
34	girl
32	girlfriend
37	git
36	glacier
37	gladiolus
32	glance
32	gland
37	glass
37	glasses
32	glee
35	glen
36	glider
33	gliding
32	glimpse
32	globe
34	glockenspiel
35	gloom
39	glory
32	glove
38	glow
32	glucose
32	glue
37	glut
32	glutamate
37	go-kart
34	goal
37	goat
36	gobbler
32	god
37	goddess
36	godfather
36	godmother
37	godparent
37	goggles
33	going
32	gold
33	goldfish
32	golf
31	gondola
33	gong
32	good
32	good-bye
32	goodbye
32	goodie
37	goodness
37	goodnight
34	goodwill
32	goose
36	gopher
38	gore-tex
31	gorilla
33	gosling
36	gossip
32	governance
37	government
36	governor
35	gown
33	grab-bag
32	grace
32	grade
37	gradient
32	graduate
35	graduation
33	graffiti
37	graft
35	grain
35	gram
36	grammar
35	gran
32	grand
32	grandchild
36	granddaughter
36	grandfather
31	grandma
35	grandmom
36	grandmother
31	grandpa
37	grandparent
35	grandson
39	granny
37	grant
32	grape
37	grapefruit
33	graph
31	graphic
36	grasp
37	grass
36	grasshopper
32	grassland
32	gratitude
34	gravel
37	gravitas
39	gravity
39	gray
32	grease
36	great-grandfather
36	great-grandmother
37	greatness
32	greed
35	green
32	greenhouse
32	grenade
39	grey
32	grief
34	grill
35	grin
36	grip
36	gripper
37	grit
39	grocery
32	ground
36	group
36	grouper
32	grouse
33	growth
32	guarantee
32	guard
31	guerrilla
37	guess
37	guest
34	guestbook
32	guidance
32	guide
32	guideline
36	guilder
37	guilt
39	guilty
36	guitar
37	guitarist
35	gum
32	gumshoe
35	gun
36	gunpowder
36	gutter
39	guy
35	gym
37	gymnast
37	gymnastics
39	gynaecology
35	gyro
37	habit
37	habitat
31	hacienda
38	hacksaw
34	hackwork
34	hail
36	hair
37	haircut
32	half
36	half-brother
36	half-sister
37	halibut
34	hall
35	halloween
39	hallway
37	halt
36	hamburger
36	hammer
34	hammock
36	hamster
32	hand
33	hand-holding
34	handball
34	handful
35	handgun
36	handicap
32	handle
36	handlebar
35	handmaiden
36	handover
34	handrail
38	handsaw
33	happening
37	happiness
32	harald
36	harbor
36	harbour
37	hard-hat
32	hardboard
36	hardcover
33	hardening
37	hardhat
36	hardship
32	hardware
32	hare
35	harm
31	harmonica
32	harmonise
32	harmonize
39	harmony
36	harp
36	harpooner
32	harpsichord
37	harvest
36	harvester
33	hashtag
34	hassock
32	haste
37	hat
38	hatbox
37	hatchet
32	hate
32	hatred
37	haunt
35	haven
34	haversack
31	havoc
34	hawk
39	hay
32	haze
34	hazel
32	head
32	headache
37	headlight
32	headline
37	headquarters
37	headrest
33	health
32	health-care
33	hearing
39	hearsay
37	heart
31	heart-throb
32	heartache
37	heartbeat
33	hearth
32	hearthside
32	heartwood
37	heat
36	heater
33	heating
35	heaven
39	heavy
32	hectare
32	hedge
33	hedgehog
34	heel
37	height
36	heir
35	heirloom
36	helicopter
35	helium
34	hell
37	hellcat
35	hello
37	helmet
35	helo
36	help
32	hemisphere
36	hemp
35	hen
37	hepatitis
31	herb
32	heritage
37	hermit
35	hero
32	heroine
35	heron
33	herring
35	hesitation
34	heterosexual
35	hexagon
39	heyday
37	hiccups
32	hide
39	hierarchy
33	high
32	high-rise
32	highland
37	highlight
39	highway
32	hike
33	hiking
34	hill
37	hint
36	hip
32	hippodrome
37	hippopotamus
32	hire
33	hiring
35	historian
39	history
37	hit
32	hive
37	hobbit
39	hobby
39	hockey
32	hoe
33	hog
32	hold
36	holder
32	hole
39	holiday
32	home
32	homeland
36	homeownership
35	hometown
34	homework
32	homicide
32	homogenate
35	homonym
34	homosexual
39	homosexuality
39	honesty
39	honey
32	honeybee
36	honor
32	honoree
32	hood
32	hoof
34	hook
36	hop
32	hope
37	hops
32	horde
35	horizon
32	hormone
35	horn
37	hornet
36	horror
32	horse
37	horst
32	hose
39	hosiery
32	hospice
34	hospital
35	hospitalisation
39	hospitality
35	hospitalization
37	host
34	hostel
37	hostess
33	hotdog
34	hotel
36	hour
37	hourglass
32	house
37	houseboat
32	household
32	housewife
34	housework
33	housing
34	hovel
37	hovercraft
32	howard
36	howitzer
31	hub
36	hubcap
37	hubris
33	hug
36	hugger
34	hull
35	human
39	humanity
39	humidity
36	humor
36	humour
34	hunchback
32	hundred
36	hunger
37	hunt
36	hunter
33	hunting
32	hurdle
36	hurdler
32	hurricane
39	hurry
37	hurt
32	husband
37	hut
33	hutch
33	hyacinth
35	hybridisation
35	hybridization
37	hydrant
37	hydraulics
31	hydrocarb
35	hydrocarbon
34	hydrofoil
35	hydrogen
32	hydrolyse
37	hydrolysis
32	hydrolyze
34	hydroxyl
31	hyena
31	hygienic
32	hype
35	hyphenation
31	hypochondria
31	hypothermia
37	hypothesis
32	ice
35	ice-cream
36	icebreaker
35	icecream
32	icicle
35	icon
39	icy
32	id
31	idea
34	ideal
35	identification
39	identity
39	ideology
35	idiom
37	idiot
35	igloo
32	ignorance
37	ignorant
31	ikebana
34	illegal
39	illiteracy
37	illness
35	illusion
35	illustration
32	image
35	imagination
32	imbalance
35	imitation
37	immigrant
35	immigration
34	immortal
37	impact
37	impairment
37	impediment
37	implement
35	implementation
35	implication
37	import
32	importance
36	impostor
37	impress
35	impression
37	imprisonment
39	impropriety
37	improvement
32	impudence
32	impulse
32	in-joke
37	in-laws
39	inability
35	inauguration
38	inbox
32	incandescence
35	incarnation
32	incense
32	incentive
33	inch
32	incidence
37	incident
35	incision
35	inclusion
32	income
32	incompetence
32	inconvenience
32	increase
35	incubation
32	independence
37	independent
38	index
35	indication
36	indicator
32	indigence
34	individual
35	industrialisation
35	industrialization
39	industry
39	inequality
32	inevitable
39	infancy
37	infant
35	infarction
35	infection
35	infiltration
32	infinite
38	infix
35	inflammation
35	inflation
32	influence
38	influx
35	info
35	information
32	infrastructure
35	infusion
34	inglenook
32	ingrate
37	ingredient
37	inhabitant
32	inheritance
35	inhibition
36	inhibitor
34	initial
32	initialise
32	initialize
32	initiative
35	injunction
39	injury
32	injustice
34	ink
39	inlay
35	inn
35	innervation
32	innocence
37	innocent
35	innovation
37	input
39	inquiry
35	inscription
37	insect
37	insert
32	inside
37	insight
32	insolence
31	insomnia
35	inspection
36	inspector
35	inspiration
35	installation
32	instance
37	instant
37	instinct
32	institute
35	institution
35	instruction
36	instructor
37	instrument
37	instrumentalist
35	instrumentation
35	insulation
32	insurance
32	insurgence
35	insurrection
36	integer
34	integral
35	integration
39	integrity
37	intellect
32	intelligence
39	intensity
37	intent
35	intention
39	intentionality
35	interaction
32	interchange
35	interconnection
32	intercourse
37	interest
32	interface
36	interferometer
36	interior
37	interject
36	interloper
37	internet
35	interpretation
36	interpreter
34	interval
36	intervenor
35	intervention
38	interview
36	interviewer
32	intestine
35	introduction
35	intuition
36	invader
35	invasion
35	invention
36	inventor
39	inventory
32	inverse
35	inversion
35	investigation
36	investigator
37	investment
36	investor
35	invitation
32	invite
32	invoice
37	involvement
32	iridescence
37	iris
35	iron
32	ironclad
39	irony
35	irrigation
31	ischemia
32	island
37	isogloss
35	isolation
32	issue
35	item
39	itinerary
39	ivory
44	jack
44	jackal
47	jacket
42	jade
46	jaguar
44	jail
42	jailhouse
45	jam
46	jar
42	jasmine
48	jaw
49	jazz
49	jealousy
47	jeans
46	jeep
49	jelly
43	jellyfish
44	jerk
47	jet
44	jewel
46	jeweller
49	jewellery
49	jewelry
49	jiffy
41	job
49	jockey
47	jodhpurs
49	joey
43	jogging
47	joint
42	joke
47	jot
44	journal
45	journalism
47	journalist
49	journey
49	joy
42	judge
47	judgment
45	judo
47	juggernaut
42	juice
45	jumbo
46	jump
46	jumper
47	jumpsuit
42	jungle
46	junior
44	junk
46	junker
47	junket
49	jury
42	justice
45	justification
42	jute
42	kale
42	kamikaze
45	kangaroo
42	karate
44	kayak
45	kazoo
46	keep
46	keeper
45	kendo
43	ketch
46	ketchup
42	kettle
45	kettledrum
49	key
42	keyboard
43	keyboarding
42	keystone
44	kick
42	kick-off
42	kid
49	kidney
41	kielbasa
44	kill
46	killer
43	killing
45	kilogram
46	kilometer
47	kilt
45	kimono
42	kinase
42	kind
47	kindness
43	king
45	kingdom
43	kingfish
44	kiosk
47	kiss
47	kit
45	kitchen
42	kite
43	kitsch
45	kitten
49	kitty
42	knee
44	kneejerk
47	knickers
42	knife
42	knife-edge
47	knight
43	knitting
44	knock
47	knot
48	know-how
42	knowledge
42	knuckle
41	koala
43	kohlrabi
41	lab
44	label
46	labor
49	laboratory
46	laborer
46	labour
46	labourer
42	lace
44	lack
42	lacquerware
42	lad
46	ladder
49	lady
43	ladybug
43	lag
42	lake
41	lamb
47	lament
46	lamp
43	lanai
42	land
45	landform
43	landing
42	landmine
42	landscape
42	lane
42	language
45	lantern
46	lap
42	laparoscope
43	lapdog
46	laptop
43	larch
46	larder
44	lark
41	larva
47	laryngitis
41	lasagna
47	lashes
47	last
49	latency
48	latex
42	lathe
42	latitude
42	latte
46	latter
43	laugh
46	laughter
49	laundry
41	lava
48	law
46	lawmaker
45	lawn
47	lawsuit
46	lawyer
49	lay
46	layer
47	layout
42	lead
46	leader
46	leadership
43	leading
42	leaf
42	league
46	leaker
46	leap
43	learning
43	leash
46	leather
42	leave
46	leaver
42	lecture
44	leek
49	leeway
47	left
43	leg
49	legacy
44	legal
42	legend
43	legging
45	legislation
46	legislator
42	legislature
49	legitimacy
42	legume
42	leisure
45	lemon
42	lemonade
46	lemur
46	lender
43	lending
43	length
47	lens
44	lentil
42	leopard
49	leprosy
45	lesbian
45	lesson
46	letter
42	lettuce
44	level
46	lever
42	leverage
49	liability
46	liar
49	liberty
45	libido
49	library
42	license
43	licensing
42	lid
42	lie
47	lieu
47	lieutenant
42	life
42	lifestyle
42	lifetime
47	lift
42	ligand
47	light
43	lighting
43	lightning
45	lightscreen
41	ligula
42	likelihood
47	likeness
41	lilac
49	lily
41	limb
42	limestone
47	limit
45	limitation
45	limo
42	line
45	linen
46	liner
47	linguist
47	linguistics
43	lining
44	link
42	linkage
42	linseed
45	lion
46	lip
42	lipid
45	lipoprotein
44	lipstick
42	liquid
49	liquidity
46	liquor
47	list
43	listening
43	listing
42	literate
42	literature
45	litigation
47	litmus
46	litter
46	liver
44	livestock
43	living
42	lizard
41	llama
42	load
43	loading
42	loaf
46	loafer
45	loan
49	lobby
49	lobotomy
46	lobster
44	local
49	locality
45	location
44	lock
46	locker
47	locket
42	locomotive
47	locust
47	loft
43	log
41	loggia
41	logic
45	login
47	logistics
45	logo
43	loincloth
47	loneliness
47	longboat
42	longitude
44	look
47	lookout
46	loop
42	loophole
42	lord
47	loss
47	lot
45	lotion
49	lottery
42	lounge
47	lout
42	love
46	lover
49	loyalty
44	luck
42	luggage
46	lumber
45	lumberman
43	lunch
42	luncheonette
45	lunchroom
43	lung
42	lunge
47	lust
42	lute
49	luxury
41	lycra
42	lye
42	lymphocyte
48	lynx
44	lyocell
42	lyre
47	lyrics
42	lysine
51	macadamia
53	macaroni
52	machine
59	machinery
52	macrame
55	macro
51	macrofauna
55	madam
55	maelstrom
55	maestro
52	magazine
51	magic
57	magnet
52	magnitude
52	maid
55	maiden
54	mail
58	mailbox
56	mailer
53	mailing
55	mailman
55	main
52	mainland
55	mainstream
52	maintenance
56	major
52	major-league
59	majority
56	makeover
56	maker
56	makeup
53	making
52	male
52	malice
54	mall
57	mallet
55	malnutrition
51	mama
55	mambo
53	mammoth
55	man
52	manacle
57	management
56	manager
55	mandarin
52	mandate
55	mandolin
52	mangle
52	mangrove
57	manhunt
51	maniac
52	manicure
55	manifestation
55	manipulation
52	mankind
56	manner
56	manor
52	mansard
57	manservant
55	mansion
54	mantel
52	mantle
51	mantua
56	manufacturer
53	manufacturing
59	many
56	map
52	maple
53	mapping
57	maracas
55	marathon
52	marble
53	march
52	mare
55	margin
53	mariachi
51	marimba
57	marines
54	mark
56	marker
57	market
56	marketer
53	marketing
52	marketplace
55	marksman
56	markup
52	marriage
53	marsh
52	marshland
55	marxism
51	mascara
54	mask
59	masonry
57	mass
52	massage
57	mast
56	master
52	masterpiece
55	mastication
52	mastoid
57	mat
53	match
56	matchmaker
52	mate
54	material
59	maternity
53	math
57	mathematics
58	matrix
56	matter
54	mattock
57	mattress
58	max
55	maximum
52	maybe
52	mayonnaise
56	mayor
58	meadow
54	meal
55	mean
56	meander
53	meaning
57	means
52	meantime
57	measles
52	measure
57	measurement
57	meat
51	mecca
51	mechanic
55	mechanism
52	med
54	medal
51	media
55	median
55	medication
52	medicine
55	medium
57	meet
53	meeting
55	melatonin
59	melody
55	melon
56	member
56	membership
52	membrane
52	meme
55	memo
54	memorial
59	memory
55	men
52	menopause
53	menorah
55	mention
56	mentor
57	menu
52	merchandise
57	merchant
59	mercury
55	meridian
57	merit
52	mesenchyme
57	mess
52	message
56	messenger
59	messy
52	metabolite
54	metal
57	metallurgist
56	metaphor
56	meteor
59	meteorology
56	meter
52	methane
52	method
59	methodology
51	metric
55	metro
52	metronome
52	mezzanine
53	microlending
52	microphone
52	microwave
52	mid-course
55	midden
52	middle
55	middleman
52	midline
57	midnight
52	midwife
57	might
57	migrant
55	migration
52	mile
52	mileage
57	milepost
52	milestone
59	military
54	milk
52	milkshake
54	mill
55	millennium
56	millimeter
55	million
52	millisecond
52	millstone
52	mime
51	mimosa
55	min
52	mind
52	mine
57	mineshaft
53	mini
57	mini-skirt
57	minibus
55	minimalism
55	minimum
53	mining
55	minion
56	minister
56	minor
52	minor-league
59	minority
57	mint
52	minute
52	miracle
56	mirror
52	miscarriage
55	miscommunication
57	misfit
56	misnomer
59	misogyny
57	misplacement
53	misreading
55	misrepresentation
57	miss
52	missile
55	mission
59	missionary
57	mist
52	mistake
56	mister
52	misunderstand
56	miter
55	mitten
58	mix
56	mixer
52	mixture
53	moai
57	moat
51	mob
52	mobile
59	mobility
56	mobster
57	moccasins
51	mocha
52	mode
54	model
53	modeling
55	modem
57	modernist
59	modernity
55	modification
56	molar
53	molding
52	mole
52	molecule
55	mom
57	moment
59	monastery
55	monasticism
59	money
56	monger
56	monitor
53	monitoring
54	monk
59	monkey
52	monocle
59	monopoly
55	monotheism
55	monsoon
56	monster
53	month
57	monument
52	mood
59	moody
55	moon
57	moonlight
52	moonscape
52	moonshine
56	mop
52	morale
52	morbid
59	morbidity
53	morning
55	moron
59	morphology
54	morsel
54	mortal
59	mortality
52	mortgage
52	mortise
52	mosque
55	mosquito
57	most
54	motel
53	moth
56	mother
58	mother-in-law
55	motion
55	motivation
52	motive
56	motor
57	motorboat
56	motorcar
52	motorcycle
52	mound
55	mountain
52	mouse
56	mouser
52	mousse
52	moustache
53	mouth
55	mouton
57	movement
56	mover
52	movie
56	mower
51	mrna
52	mud
55	muffin
53	mug
54	mukluk
52	mule
51	multimedia
56	murder
57	muscat
54	muscatel
52	muscle
52	musculature
55	museum
51	music
58	music-box
53	music-making
55	musician
57	muskrat
52	mustache
52	mustard
55	mutation
57	mutt
51	mycoplasma
59	mystery
53	myth
59	mythology
54	nail
52	name
53	naming
52	nanoparticle
55	napkin
52	narrative
54	nasal
55	nation
59	nationality
52	native
55	naturalisation
52	nature
55	navigation
59	necessity
54	neck
52	necklace
52	necktie
52	need
52	needle
57	neglect
52	negligee
55	negotiation
56	neighbor
52	neighborhood
56	neighbour
52	neighbourhood
55	neologism
55	neon
58	nephew
52	nerve
57	nest
52	nestmate
57	net
54	netball
54	netbook
52	netsuke
54	network
53	networking
57	neurobiologist
55	neuron
57	neuropathologist
59	neuropsychiatry
57	news
56	newsletter
56	newspaper
57	newsprint
52	newsstand
57	nexus
59	nicety
52	niche
54	nick
54	nickel
52	nickname
52	niece
57	night
51	nightclub
55	nightgown
52	nightingale
52	nightlife
57	nightlight
52	nightmare
51	ninja
55	nitrogen
59	nobody
52	nod
52	node
56	noir
52	noise
56	nonbeliever
57	nonconformist
52	nondisclosure
52	nonsense
52	noodle
55	noon
55	norm
54	normal
55	normalisation
55	normalization
53	north
52	nose
55	notation
52	note
54	notebook
53	nothing
52	notice
55	notion
59	notoriety
57	nougat
55	noun
54	novel
52	nucleotidase
52	nucleotide
52	nudge
52	nuke
56	number
59	numeracy
51	numeric
57	numismatist
55	nun
52	nurse
59	nursery
53	nursing
52	nurture
57	nut
55	nutrition
55	nylon
54	oak
56	oar
57	oasis
57	oat
54	oatmeal
52	obedience
59	obesity
53	obi
57	object
55	objection
52	objective
55	obligation
52	oboe
55	observation
59	observatory
55	obsession
55	obsidian
52	obstacle
55	occasion
55	occupation
52	occurrence
55	ocean
57	ocelot
55	octagon
52	octave
55	octavo
57	octet
57	octopus
56	odometer
59	odyssey
52	oeuvre
56	off-ramp
52	offence
52	offense
56	offer
53	offering
52	office
56	officer
54	official
57	offset
54	oil
51	okra
52	oldie
52	olive
51	omega
57	omelet
55	omission
59	oncology
55	onion
52	online
57	onset
53	opening
51	opera
53	operating
55	operation
56	operator
57	ophthalmologist
55	opinion
55	opium
55	opossum
57	opponent
57	opportunist
59	opportunity
52	opposite
55	opposition
54	optimal
55	optimisation
57	optimist
55	optimization
55	option
52	orange
55	orangutan
56	orator
52	orchard
51	orchestra
52	orchid
56	order
59	ordinary
55	ordination
52	ore
55	organ
55	organisation
53	organising
55	organization
53	organizing
57	orient
55	orientation
55	origin
54	original
59	originality
57	ornament
57	osmosis
59	osprey
53	ostrich
56	other
56	otter
55	ottoman
52	ounce
54	outback
52	outcome
56	outfielder
57	outfit
52	outhouse
58	outlaw
59	outlay
57	outlet
52	outline
54	outlook
57	output
52	outrage
56	outrigger
55	outrun
57	outset
52	outside
54	oval
59	ovary
55	oven
52	overcharge
53	overclocking
57	overcoat
55	overexertion
57	overflight
52	overhead
52	overheard
52	overload
56	overnighter
57	overshoot
57	oversight
58	overview
57	overweight
54	owl
56	owner
56	ownership
58	ox
52	oxford
55	oxygen
56	oyster
52	ozone
62	pace
66	pacemaker
64	pack
62	package
63	packaging
67	packet
62	pad
62	paddle
64	paddock
65	pagan
62	page
61	pagoda
64	pail
65	pain
67	paint
66	painter
63	painting
64	paintwork
66	pair
67	pajamas
62	palace
62	palate
65	palm
67	pamphlet
65	pan
62	pancake
67	pancreas
61	panda
64	panel
61	panic
66	pannier
62	panpipe
69	pansy
66	panther
67	panties
67	pantologist
69	pantology
69	pantry
67	pants
67	pantsuit
69	panty
62	pantyhose
61	papa
66	paper
64	paperback
64	paperwork
62	parable
62	parachute
62	parade
62	paradise
63	paragraph
65	parallelogram
65	paramecium
61	paramedic
66	parameter
61	paranoia
64	parcel
67	parchment
62	pard
65	pardon
67	parent
67	parenthesis
63	parenting
64	park
61	parka
63	parking
67	parliament
62	parole
67	parrot
66	parser
66	parsnip
67	part
67	participant
65	participation
62	particle
66	particular
66	partner
66	partnership
62	partridge
69	party
67	pass
62	passage
64	passbook
66	passenger
63	passing
65	passion
62	passive
67	passport
62	password
67	past
61	pasta
62	paste
66	pastor
67	pastoralist
69	pastry
62	pasture
67	pat
63	patch
67	patent
62	patentee
63	path
67	pathogenesis
69	pathology
69	pathway
62	patience
67	patient
61	patina
65	patio
63	patriarch
69	patrimony
67	patriot
64	patrol
66	patroller
63	patrolling
65	patron
65	pattern
62	pause
67	pavement
65	pavilion
68	paw
66	pawnshop
69	pay
62	payee
67	payment
62	payoff
61	pea
62	peace
63	peach
67	peacoat
64	peacock
64	peak
67	peanut
66	pear
64	pearl
67	peasant
65	pecan
66	pecker
64	pedal
64	peek
65	peen
66	peer
66	peer-to-peer
62	pegboard
65	pelican
67	pelt
65	pen
69	penalty
62	pence
64	pencil
67	pendant
65	pendulum
65	penguin
65	penicillin
61	peninsula
67	penis
67	pennant
69	penny
65	pension
65	pentagon
69	peony
62	people
66	pepper
67	percent
62	percentage
65	perception
63	perch
64	perennial
65	perfection
62	performance
62	perfume
62	period
64	periodical
64	peripheral
67	permafrost
65	permission
67	permit
66	perp
66	perpendicular
65	person
64	personal
69	personality
64	personnel
62	perspective
67	pest
67	pet
64	petal
65	petition
66	petitioner
67	petticoat
68	pew
67	pharmacist
61	pharmacopoeia
62	phase
67	pheasant
65	phenomenon
62	phenotype
62	pheromone
69	philanthropy
66	philosopher
69	philosophy
62	phone
62	phosphate
65	photo
62	photodiode
63	photograph
66	photographer
69	photography
66	photoreceptor
62	phrase
63	phrasing
64	physical
67	physics
69	physiology
67	pianist
65	piano
65	piccolo
64	pick
68	pickax
62	pickaxe
67	picket
62	pickle
66	pickup
61	picnic
62	picture
62	picturesque
62	pie
62	piece
66	pier
69	piety
63	pig
65	pigeon
62	pike
62	pile
65	pilgrim
62	pilgrimage
64	pill
66	pillar
68	pillbox
68	pillow
67	pilot
66	pimp
62	pimple
65	pin
62	pinafore
69	pince-nez
62	pine
62	pineapple
62	pinecone
63	ping
64	pink
62	pinkie
67	pinot
62	pinstripe
67	pint
65	pinto
65	pinworm
66	pioneer
62	pipe
62	pipeline
69	piracy
62	pirate
67	piss
64	pistol
67	pit
63	pitch
66	pitcher
63	pitching
63	pith
61	pizza
62	place
65	placebo
67	placement
62	placode
65	plagiarism
65	plain
62	plaintiff
65	plan
62	plane
67	planet
63	planning
67	plant
65	plantation
66	planter
66	plaster
62	plasterboard
61	plastic
62	plate
67	platelet
65	platform
65	platinum
67	platypus
69	play
66	player
62	playground
65	playroom
67	playwright
61	plea
62	pleasure
67	pleat
62	pledge
69	plenty
66	plier
67	pliers
67	plight
67	plot
63	plough
66	plover
68	plow
65	plowman
63	plug
65	plugin
66	plumber
62	plume
66	plunger
62	plywood
61	pneumonia
67	pocket
63	pocket-watch
64	pocketbook
67	podcast
65	poem
67	poet
69	poetry
62	poignance
67	point
65	poison
63	poisoning
66	poker
65	polarisation
65	polarization
62	pole
61	polenta
62	police
65	policeman
69	policy
63	polish
65	politician
67	politics
64	poll
67	pollutant
65	pollution
65	polo
66	polyester
65	pompom
65	poncho
62	pond
69	pony
64	pool
66	poor
66	pop
65	popcorn
69	poppy
62	popsicle
69	popularity
65	population
67	populist
65	porcelain
63	porch
62	porcupine
64	pork
67	port
66	porter
65	portfolio
62	porthole
65	portion
67	portrait
65	position
65	possession
69	possibility
62	possible
67	post
62	postage
68	postbox
66	poster
66	posterior
68	postfix
67	pot
65	potato
64	potential
69	pottery
69	potty
63	pouch
69	poultry
62	pound
63	pounding
69	poverty
66	powder
66	power
62	practice
66	practitioner
62	praise
69	pray
66	prayer
62	precedence
67	precedent
65	precipitation
65	precision
66	predecessor
62	preface
62	preference
68	prefix
69	pregnancy
62	prejudice
62	prelude
65	premeditation
66	premier
62	premise
65	premium
65	preoccupation
65	preparation
65	prescription
62	presence
67	present
65	presentation
65	preservation
69	presidency
67	president
67	press
65	pressroom
62	pressure
65	pressurisation
65	pressurization
62	prestige
62	presume
62	prevalence
65	prevention
69	prey
62	price
63	pricing
62	pride
67	priest
62	priesthood
69	primary
62	primate
62	prince
67	princess
64	principal
62	principle
67	print
66	printer
63	printing
66	prior
69	priority
65	prison
66	prisoner
69	privacy
62	private
62	privilege
62	prize
67	prizefight
69	probability
65	probation
62	probe
65	problem
62	procedure
67	proceedings
67	process
63	processing
66	processor
66	proctor
67	procurement
62	produce
66	producer
67	product
65	production
69	productivity
65	profession
64	professional
66	professor
62	profile
67	profit
66	progenitor
65	program
62	programme
63	programming
67	progress
65	progression
65	prohibition
67	project
65	proliferation
62	promenade
62	promise
65	promotion
67	prompt
65	pronoun
65	pronunciation
62	proof
66	proof-reader
61	propaganda
62	propane
69	property
67	prophet
67	proponent
65	proportion
64	proposal
65	proposition
66	proprietor
62	prose
65	prosecution
66	prosecutor
67	prospect
69	prosperity
65	prostacyclin
62	prostanoid
62	prostrate
65	protection
65	protein
67	protest
64	protocol
62	providence
66	provider
62	province
65	provision
68	prow
64	proximal
69	proximity
66	pruner
62	pseudocode
62	pseudoscience
67	psychiatrist
67	psychoanalyst
67	psychologist
69	psychology
65	ptarmigan
61	pub
61	public
65	publication
69	publicity
66	publisher
63	publishing
63	pudding
62	puddle
65	puffin
69	pulley
62	pulse
61	puma
66	pump
65	pumpkin
62	pumpkinseed
65	pun
63	punch
65	punctuation
67	punishment
61	pupa
64	pupil
67	puppet
69	puppy
62	purchase
65	puritan
69	purity
62	purple
62	purpose
66	purr
62	purse
67	pursuit
63	push
66	pusher
67	put
62	puzzle
62	pyramid
62	pyridine
67	quadrant
64	quail
65	qualification
69	quality
69	quantity
67	quart
66	quarter
67	quartet
69	quartz
65	queen
69	query
67	quest
65	question
66	questioner
62	questionnaire
62	quicksand
67	quiet
64	quill
67	quilt
62	quince
67	quit
66	quiver
61	quota
65	quotation
62	quote
63	rabbi
67	rabbit
65	raccoon
62	race
66	racer
63	racing
65	racism
67	racist
64	rack
66	radar
66	radiator
65	radio
62	radiosonde
63	radish
62	raffle
67	raft
63	rag
62	rage
62	raid
64	rail
63	railing
62	railroad
69	railway
67	raiment
65	rain
68	rainbow
67	raincoat
66	rainmaker
65	rainstorm
69	rainy
62	raise
62	rake
69	rally
65	ram
65	ramen
66	rambler
62	ramie
63	ranch
66	rancher
65	randomisation
65	randomization
62	range
66	ranger
64	rank
66	rap
62	rape
69	raspberry
67	rat
62	rate
66	ratepayer
63	rating
65	ratio
62	rationale
65	raven
63	ravioli
62	rawhide
69	ray
65	rayon
66	razor
63	reach
67	reactant
65	reaction
62	read
66	reader
67	readiness
63	reading
64	real
69	reality
65	realization
65	realm
66	reamer
66	rear
65	reason
63	reasoning
64	rebel
65	rebellion
67	reboot
64	recall
65	recapitulation
67	receipt
66	receiver
65	reception
66	receptor
67	recess
65	recession
62	recipe
67	recipient
69	reciprocity
65	reclamation
66	recliner
65	recognition
65	recollection
65	recommendation
65	reconsideration
62	record
66	recorder
63	recording
69	recovery
65	recreation
67	recruit
62	rectangle
62	red
65	redesign
62	redhead
67	redirect
69	rediscovery
65	reduction
62	reef
69	refectory
62	reference
65	referendum
65	reflection
65	reform
66	refrigerator
62	refuge
62	refund
64	refusal
62	refuse
62	regard
62	regime
65	region
65	regionalism
66	register
65	registration
69	registry
67	regret
65	regulation
66	regulator
65	rehospitalisation
65	rehospitalization
66	reindeer
65	reinscription
67	reject
65	relation
66	relationship
62	relative
65	relaxation
69	relay
62	release
69	reliability
62	relief
65	religion
63	relish
62	reluctance
67	remains
64	remark
66	reminder
67	remnant
64	removal
62	renaissance
67	rent
65	reorganisation
65	reorganization
66	repair
65	reparation
67	repayment
67	repeat
67	replacement
61	replica
65	replication
69	reply
67	report
66	reporter
63	reporting
65	representation
62	representative
63	reprocessing
61	republic
65	republican
65	reputation
67	request
67	requirement
62	resale
62	rescue
63	research
66	researcher
62	resemblance
65	reservation
62	reserve
66	reservoir
67	reset
62	residence
67	resident
62	residue
67	resist
62	resistance
65	resolution
62	resolve
67	resort
62	resource
67	respect
62	respite
62	response
69	responsibility
67	rest
67	restaurant
65	restoration
65	restriction
65	restroom
63	restructuring
67	result
62	resume
66	retailer
65	retention
63	rethinking
61	retina
67	retirement
63	retouching
67	retreat
67	retrospect
62	retrospective
69	retrospectivity
65	return
65	reunion
65	revascularisation
65	revascularization
64	reveal
65	revelation
67	revenant
62	revenge
62	revenue
62	reverse
68	review
65	revitalisation
65	revitalization
64	revival
65	revolution
66	revolver
62	reward
61	rhetoric
65	rheumatism
67	rhinoceros
62	rhyme
65	rhythm
61	rib
65	ribbon
62	rice
62	riddle
62	ride
66	rider
62	ridge
63	riding
62	rifle
67	right
65	rim
63	ring
65	ringworm
67	riot
66	rip
62	ripple
62	rise
66	riser
64	risk
62	rite
64	ritual
66	river
62	riverbed
67	rivulet
62	road
69	roadway
66	roar
67	roast
62	robe
65	robin
67	robot
67	robotics
64	rock
66	rocker
67	rocket
66	rocket-ship
62	rod
62	role
64	roll
66	roller
62	romance
62	roof
65	room
62	roommate
66	rooster
67	root
62	rope
62	rose
66	roster
65	rostrum
65	rotation
62	round
67	roundabout
62	route
66	router
62	routine
68	row
67	rowboat
63	rowing
66	rubber
63	rubbish
61	rubric
69	ruby
67	ruckus
67	rudiment
62	ruffle
69	rugby
65	ruin
62	rule
66	ruler
63	ruling
65	rum
66	rumor
65	run
69	runaway
66	runner
63	running
69	runway
63	rush
67	rust
61	rutabaga
62	rye
72	sabre
71	sac
74	sack
72	saddle
77	sadness
73	safari
72	safe
72	safeguard
79	safety
72	sage
74	sail
77	sailboat
73	sailing
76	sailor
77	saint
72	sake
72	salad
79	salary
72	sale
75	salesman
75	salmon
75	salon
75	saloon
77	salt
72	salute
76	samovar
75	sampan
72	sample
73	samurai
75	sanction
79	sanctity
79	sanctuary
72	sand
74	sandal
76	sandbar
73	sandwich
79	sanity
72	sardine
73	sari
73	sarong
73	sash
72	satellite
75	satin
72	satire
75	satisfaction
72	sauce
76	saucer
72	sausage
72	savage
73	saving
77	savings
76	savior
76	saviour
78	saw
72	saxophone
72	scaffold
72	scale
75	scallion
76	scalp
75	scam
76	scanner
78	scarecrow
72	scarf
75	scarification
75	scenario
72	scene
79	scenery
77	scent
72	schedule
73	scheduling
71	schema
72	scheme
71	schizophrenic
74	schnitzel
76	scholar
76	scholarship
74	school
72	schoolhouse
76	schooner
72	science
77	scientist
76	scimitar
77	scissors
76	scooter
72	scope
72	score
75	scorn
77	scout
78	scow
76	scrap
76	scraper
73	scratch
76	screamer
75	screen
73	screening
73	screenwriting
78	screw
76	screw-up
76	screwdriver
75	scrim
76	scrip
77	script
72	scripture
79	scrutiny
73	sculpting
74	sculptural
72	sculpture
71	sea
77	seabass
72	seafood
74	seagull
74	seal
72	seaplane
73	search
72	seashore
72	seaside
75	season
77	seat
72	second
79	secrecy
77	secret
77	secretariat
79	secretary
75	secretion
75	section
74	sectional
76	sector
79	security
77	sediment
72	seed
76	seeder
76	seeker
76	seep
77	segment
72	seizure
75	selection
72	self
72	self-confidence
74	self-control
75	self-esteem
76	seller
73	selling
77	semantics
76	semester
72	semicircle
75	semicolon
76	semiconductor
76	seminar
72	senate
76	senator
76	sender
76	senior
72	sense
79	sensibility
72	sensitive
79	sensitivity
76	sensor
72	sentence
73	sentencing
77	sentiment
74	sepal
75	separation
71	septicaemia
74	sequel
72	sequence
74	serial
77	series
75	sermon
75	serum
77	servant
76	server
72	service
72	servitude
75	session
77	set
74	setback
73	setting
77	settlement
76	settler
79	severity
76	sewer
78	sex
79	sexuality
74	shack
72	shackle
72	shade
78	shadow
78	shadowbox
75	shakedown
76	shaker
77	shallot
77	shallows
72	shame
75	shampoo
79	shanty
72	shape
72	share
76	shareholder
74	shark
78	shaw
74	shawl
76	shear
73	shearling
73	sheath
72	shed
76	sheep
77	sheet
72	shelf
74	shell
76	shelter
79	sherry
72	shield
77	shift
75	shin
72	shine
72	shingle
76	ship
76	shipper
73	shipping
72	shipyard
77	shirt
77	shirtdress
77	shit
77	shoat
74	shock
72	shoe
75	shoe-horn
75	shoehorn
72	shoelace
76	shoemaker
73	shoestring
76	shofar
77	shoot
75	shootdown
76	shop
76	shopper
73	shopping
72	shore
72	shoreline
77	short
72	shortage
77	shorts
72	shortwave
77	shot
76	shoulder
77	shout
74	shovel
78	show
76	show-stopper
76	shower
72	shred
76	shrimp
72	shrine
75	shutdown
73	sibling
74	sick
77	sickness
72	side
72	sideboard
77	sideburns
76	sidecar
75	sidestream
74	sidewalk
73	siding
72	siege
73	sigh
77	sight
73	sightseeing
75	sign
74	signal
72	signature
77	signet
72	significance
79	signify
76	signup
72	silence
71	silica
75	silicon
74	silk
75	silkworm
74	sill
79	silly
75	silo
76	silver
79	similarity
72	simple
79	simplicity
75	simvastatin
75	sin
76	singer
73	singing
76	singular
74	sink
79	sinuosity
76	sip
76	sir
76	sister
78	sister-in-law
76	sitar
72	site
75	situation
72	size
72	skate
73	skating
75	skean
75	skeleton
73	ski
73	skiing
74	skill
75	skin
77	skirt
74	skull
76	skullcap
79	skullduggery
74	skunk
79	sky
77	skylight
72	skyline
76	skyscraper
74	skywalk
73	slang
74	slapstick
73	slash
72	slate
72	slave
79	slavery
72	sled
72	sledge
76	sleep
77	sleepiness
73	sleeping
77	sleet
73	sleuth
72	slice
72	slide
76	slider
72	slime
76	slip
76	slipper
77	slippers
72	slope
77	slot
73	sloth
76	slump
74	smell
73	smelting
72	smile
73	smith
74	smock
73	smog
72	smoke
73	smoking
73	smuggling
74	snack
74	snail
72	snake
72	snakebite
76	snap
74	snarl
76	sneaker
77	sneakers
72	sneeze
72	sniffle
71	snob
76	snorer
78	snow
73	snowboarding
72	snowflake
75	snowman
73	snowmobiling
78	snowplow
75	snowstorm
77	snowsuit
74	snuck
73	snug
72	snuggle
76	soap
76	soccer
75	socialism
77	socialist
79	society
79	sociology
74	sock
77	socks
71	soda
71	sofa
74	softball
74	softdrink
73	softening
72	software
74	soil
76	soldier
75	solicitation
76	solicitor
79	solidarity
79	solidity
79	soliloquy
72	solitaire
75	solution
79	solvency
75	sombrero
79	somebody
72	someone
72	someplace
77	somersault
73	something
72	somewhere
75	son
76	sonar
71	sonata
73	song
72	songbird
77	sonnet
77	soot
72	sophomore
75	soprano
77	sorbet
78	sorrow
77	sort
74	soul
72	soulmate
72	sound
77	soundness
76	soup
72	source
72	sourwood
72	sousaphone
73	south
77	southeast
76	souvenir
79	sovereignty
78	sow
79	soy
75	soybean
72	space
73	spacing
72	spade
73	spaghetti
75	span
78	spandex
74	spank
74	spark
78	sparrow
75	spasm
76	speaker
72	speakerphone
73	speaking
76	spear
71	spec
74	special
77	specialist
79	specialty
77	species
75	specification
72	spectacle
77	spectacles
73	spectrograph
75	spectrum
75	speculation
73	speech
72	speed
77	speedboat
74	spell
73	spelling
77	spelt
73	spending
72	sphere
78	sphynx
72	spice
76	spider
72	spike
74	spill
73	spinach
72	spine
74	spiral
77	spirit
74	spiritual
79	spirituality
77	spit
72	spite
75	spleen
76	splendor
77	split
75	spokesman
75	spokeswoman
72	sponge
76	sponsor
76	sponsorship
74	spool
75	spoon
77	sport
75	sportsman
77	spot
77	spotlight
72	spouse
79	spray
72	spread
77	spreadsheet
72	spree
73	spring
76	sprinter
77	sprout
72	spruce
72	spume
76	spur
79	spy
77	spyglass
72	square
73	squash
76	squatter
72	squeegee
72	squid
74	squirrel
71	stab
79	stability
72	stable
74	stack
73	stacking
75	stadium
72	staff
73	stag
72	stage
75	stain
76	stair
72	staircase
72	stake
74	stalk
74	stall
75	stallion
75	stamen
71	stamina
76	stamp
72	stance
72	stand
72	standard
75	standardisation
75	standardization
73	standing
72	standoff
77	standpoint
76	star
72	starboard
77	start
76	starter
72	state
77	statement
75	statin
75	station
75	station-wagon
71	statistic
77	statistics
72	statue
77	status
72	statute
79	stay
74	steak
73	stealth
75	steam
76	steamroller
74	steel
72	steeple
75	stem
73	stench
74	stencil
76	step
77	step-aunt
76	step-brother
76	step-daughter
76	step-father
76	step-grandfather
76	step-grandmother
76	step-mother
76	step-sister
75	step-son
72	step-uncle
76	stepdaughter
76	stepmother
72	stepping-stone
75	stepson
75	stereo
78	stew
72	steward
74	stick
76	sticker
75	stiletto
74	still
75	stimulation
77	stimulus
73	sting
76	stinger
73	stitch
76	stitcher
74	stock
72	stock-in-trade
77	stockings
72	stole
73	stomach
72	stone
74	stonework
74	stool
76	stop
75	stopsign
73	stopwatch
72	storage
72	store
79	storey
75	storm
79	story
73	story-telling
72	storyboard
72	stove
77	strait
72	strand
76	stranger
76	strap
79	strategy
78	straw
79	strawberry
75	strawman
75	stream
77	street
76	streetcar
73	strength
77	stress
73	stretch
72	strife
72	strike
73	string
76	strip
72	stripe
72	strobe
72	stroke
72	structure
72	struggle
75	stucco
72	stud
77	student
75	studio
79	study
72	stuff
73	stumbling
76	stump
79	stupidity
75	sturgeon
72	style
73	styling
77	stylus
71	sub
77	subcomponent
77	subconscious
76	subcontractor
75	subexpression
76	subgroup
77	subject
72	submarine
72	subprime
72	subroutine
75	subscription
75	subsection
77	subset
72	subsidence
79	subsidiary
79	subsidy
72	substance
75	substitution
72	subtitle
71	suburb
79	subway
77	success
74	suck
76	sucker
72	suede
75	suffocation
76	sugar
75	suggestion
72	suicide
77	suit
72	suitcase
72	suite
76	sulfur
75	sultan
75	sum
79	summary
76	summer
77	summit
75	sun
75	sunbeam
77	sunbonnet
79	sunday
74	sundial
76	sunflower
77	sunglasses
76	sunlamp
77	sunlight
72	sunrise
75	sunroom
77	sunset
72	sunshine
79	superiority
77	supermarket
74	supernatural
75	supervision
76	supervisor
77	supplement
76	supplier
79	supply
77	support
76	supporter
75	suppression
72	supreme
72	surface
72	surfboard
72	surge
75	surgeon
79	surgery
72	surname
77	surplus
72	surprise
72	surround
77	surroundings
77	surrounds
79	survey
74	survival
76	survivor
73	sushi
77	suspect
77	suspenders
75	suspension
77	sustainment
78	suv
78	swallow
76	swamp
75	swan
73	swath
77	sweat
76	sweater
77	sweatshirt
76	sweatshop
77	sweatsuit
77	sweets
74	swell
75	swim
73	swimming
77	swimsuit
73	swing
73	switch
72	switchboard
73	switching
74	swivel
72	sword
77	swordfight
73	swordfish
72	sycamore
79	sydney
74	symbol
79	symmetry
79	sympathy
75	symptom
72	syndicate
72	syndrome
79	synergy
72	synod
75	synonym
77	synthesis
76	syrup
75	system
77	t-shirt
71	tab
79	tabby
72	tabernacle
72	table
73	tablecloth
77	tablet
76	tabletop
76	tachometer
72	tackle
77	tactics
72	tactile
72	tadpole
73	tag
74	tail
72	tailbud
76	tailor
75	tailspin
76	takeover
72	tale
77	talent
74	talk
73	talking
76	tam-o'-shanter
76	tambour
72	tambourine
75	tan
75	tandem
72	tangerine
74	tank
76	tank-top
76	tanker
74	tankful
76	tap
72	tape
77	target
74	task
74	tassel
72	taste
73	tatami
76	tattler
75	tattoo
75	tavern
78	tax
73	taxi
71	taxicab
76	taxpayer
71	tea
76	teacher
73	teaching
75	team
72	teammate
76	tear
73	tech
75	technician
72	technique
77	technologist
79	technology
77	tectonics
75	teen
76	teenager
72	teepee
72	telephone
75	telescreen
72	teletype
75	television
74	tell
76	teller
76	temp
76	temper
72	temperature
72	temple
75	tempo
77	temporariness
79	temporary
75	temptation
77	temptress
77	tenant
79	tendency
76	tender
77	tenement
77	tenet
77	tennis
76	tenor
75	tension
76	tensor
77	tent
72	tentacle
73	tenth
72	tepee
75	term
74	terminal
75	termination
79	terminology
72	terrace
71	terracotta
75	terrapin
79	territory
76	terror
75	terrorism
77	terrorist
77	test
77	testament
74	testimonial
79	testimony
73	testing
77	text
74	textbook
74	textual
72	texture
77	thanks
78	thaw
76	theater
77	theft
75	theism
72	theme
79	theology
79	theory
77	therapist
79	therapy
77	thermals
76	thermometer
77	thesis
77	thickness
72	thief
73	thigh
73	thing
73	thinking
77	thirst
72	thistle
73	thong
77	thongs
75	thorn
77	thought
72	thousand
72	thread
77	threat
72	threshold
77	thrift
74	thrill
77	throat
72	thromboxane
72	throne
73	thrush
77	thrust
73	thug
71	thumb
76	thump
76	thunder
77	thunderbolt
72	thunderhead
75	thunderstorm
72	thyme
71	tiara
71	tic
77	ticket
72	tide
72	tie
76	tiger
77	tights
72	tile
74	till
77	tilt
72	timbale
76	timber
72	time
72	timeline
77	timeout
76	timer
72	timetable
73	timing
73	timpani
75	tin
78	tinderbox
72	tinkle
72	tintype
76	tip
72	tire
72	tissue
75	titanium
72	title
72	toad
77	toast
75	tobacco
79	today
72	toe
74	toenail
73	tog
71	toga
77	toilet
72	tolerance
77	tolerant
74	toll
75	tom-tom
75	tomato
71	tomb
79	tomography
78	tomorrow
75	ton
79	tonality
72	tone
72	tongue
71	tonic
77	tonight
74	tool
77	toot
73	tooth
73	toothbrush
72	toothpaste
74	toothpick
76	top
77	top-hat
71	topic
74	topsail
72	toque
76	toreador
75	tornado
75	torso
73	tortellini
72	tortoise
76	tosser
74	total
72	tote
73	touch
79	tough-guy
76	tour
75	tourism
77	tourist
77	tournament
74	tow-truck
74	towel
76	tower
75	town
72	townhouse
76	township
79	toy
72	trace
71	trachoma
74	track
73	tracking
77	tracksuit
77	tract
76	tractor
72	trade
76	trader
73	trading
75	tradition
75	traditionalism
71	traffic
76	trafficker
79	tragedy
74	trail
76	trailer
74	trailpatrol
75	train
76	trainer
73	training
77	trait
75	tram
76	tramp
72	trance
75	transaction
77	transcript
76	transfer
75	transformation
77	transit
75	transition
75	translation
75	transmission
75	transom
79	transparency
75	transplantation
77	transport
75	transportation
76	trap
76	trapdoor
75	trapezium
72	trapezoid
73	trash
74	travel
76	traveler
79	tray
72	treasure
79	treasury
77	treat
77	treatment
79	treaty
72	tree
74	trek
77	trellis
76	tremor
73	trench
72	trend
72	triad
74	trial
72	triangle
72	tribe
79	tributary
74	trick
76	trigger
79	trigonometry
75	trillion
75	trim
77	trinket
76	trip
72	tripod
72	tritone
73	triumph
79	trolley
72	trombone
76	troop
76	trooper
79	trophy
72	trouble
77	trousers
77	trout
72	trove
74	trowel
74	truck
77	trumpet
74	trunk
77	trust
72	trustee
73	truth
79	try
73	tsunami
71	tub
71	tuba
72	tube
73	tug
77	tugboat
75	tuition
76	tulip
79	tummy
71	tuna
72	tune
76	tune-up
71	tunic
74	tunnel
75	turban
72	turf
79	turkey
75	turn
73	turning
76	turnip
76	turnover
72	turnstile
77	turret
72	turtle
74	tusk
72	tussle
77	tutu
75	tuxedo
78	tv
77	tweet
73	twig
77	twilight
72	twine
77	twins
77	twist
76	twister
76	twitter
72	type
72	typeface
76	typewriter
75	typhoon
72	ukulele
75	ultimatum
71	umbrella
73	unblinking
79	uncertainty
72	uncle
77	underclothes
72	underestimate
72	underground
73	underneath
77	underpants
77	underpass
77	undershirt
73	understanding
77	understatement
76	undertaker
76	underwear
77	underweight
72	underwire
73	underwriting
77	unemployment
79	unibody
75	uniform
79	uniformity
75	union
72	unique
77	unit
79	unity
72	universe
79	university
72	update
72	upgrade
77	uplift
76	upper
77	upstairs
72	upward
72	urge
79	urgency
75	urn
72	usage
72	use
76	user
76	usher
74	usual
74	utensil
75	utilisation
79	utility
75	utilization
85	vacation
82	vaccine
85	vacuum
87	vagrant
82	valance
82	valentine
82	validate
89	validity
89	valley
82	valuable
82	value
82	vampire
85	van
84	vanadyl
82	vane
89	vanity
89	variability
82	variable
87	variant
85	variation
89	variety
86	vascular
82	vase
87	vault
83	vaulting
84	veal
86	vector
82	vegetable
85	vegetarian
85	vegetarianism
85	vegetation
82	vehicle
84	veil
85	vein
87	veldt
85	vellum
89	velocity
82	velodrome
87	velvet
86	vendor
86	veneer
82	vengeance
85	venom
83	venti
82	venture
82	venue
81	veranda
81	verb
87	verdict
85	verification
83	vermicelli
86	vernacular
82	verse
85	version
85	vertigo
82	verve
84	vessel
87	vest
87	vestment
87	vet
85	veteran
85	veterinarian
85	veto
89	viability
82	vibe
82	vibraphone
85	vibration
82	vibrissae
82	vice
89	vicinity
85	victim
89	victory
85	video
88	view
86	viewer
81	villa
82	village
82	vine
82	vineyard
82	vintage
86	vintner
84	vinyl
81	viola
85	violation
82	violence
87	violet
85	violin
84	virginal
82	virtue
87	virus
81	visa
82	viscose
82	vise
85	vision
87	visit
86	visitor
86	visor
81	vista
84	visual
89	vitality
85	vitro
85	vivo
85	vixen
81	vodka
82	vogue
82	voice
82	void
84	vol
89	volatility
85	volcano
84	volleyball
82	volume
86	volunteer
83	volunteering
87	vomit
82	vote
86	voter
83	voting
82	voyage
82	vulture
82	wad
86	wafer
82	waffle
82	wage
85	wagon
87	waist
82	waistband
87	wait
86	waiter
83	waiting
87	waitress
86	waiver
82	wake
84	walk
86	walker
83	walking
89	walkway
84	wall
89	wallaby
87	wallet
87	walnut
87	walrus
85	wampum
82	wannabe
87	want
86	war
85	warden
82	wardrobe
82	warfare
84	warlock
82	warlord
86	warm-up
83	warming
83	warmth
83	warning
87	warrant
86	warrior
83	wash
85	washbasin
83	washcloth
86	washer
81	washtub
86	wasp
82	waste
87	wastebasket
83	wasting
83	watch
86	watcher
86	watchmaker
86	water
82	waterbed
84	waterfall
87	waterfront
83	waterskiing
87	waterspout
84	waterwheel
82	wave
85	waveform
88	wax
89	way
87	weakness
83	wealth
85	weapon
86	wear
84	weasel
86	weather
81	web
86	webinar
84	webmail
82	webpage
82	website
83	wedding
82	wedge
82	weed
86	weeder
86	weedkiller
84	week
82	weekend
86	weekender
87	weight
82	weird
82	welcome
82	welfare
84	well
83	well-being
87	west
85	western
86	wet-bar
82	wetland
87	wetsuit
84	whack
82	whale
82	wharf
87	wheat
84	wheel
86	whip
84	whirlpool
82	whirlwind
86	whisker
89	whiskey
86	whisper
82	whistle
82	white
82	whole
82	wholesale
86	wholesaler
84	whorl
84	wick
87	widget
88	widow
83	width
82	wife
83	wifi
87	wilderness
82	wildlife
84	will
87	willingness
88	willow
85	win
82	wind
82	wind-chime
82	windage
88	window
85	windscreen
82	windshield
82	wine
89	winery
83	wing
85	wingman
86	wingtip
84	wink
86	winner
86	winter
82	wire
86	wiretap
83	wiring
85	wisdom
89	wiseguy
83	wish
81	wisteria
87	wit
83	witch
87	witch-hunt
84	withdrawal
87	witness
82	wolf
85	woman
87	wombat
86	wonder
87	wont
82	wood
82	woodland
82	woodshed
82	woodwind
84	wool
87	woolens
82	word
83	wording
84	work
83	workbench
86	worker
82	workforce
82	workhorse
83	working
87	workout
82	workplace
86	workshop
82	world
85	worm
89	worry
86	worship
86	worshiper
83	worth
82	wound
86	wrap
82	wraparound
83	wrapping
84	wreck
86	wrecker
85	wren
83	wrench
86	wrestler
82	wrinkle
87	wrist
86	writer
83	writing
83	wrong
82	xylophone
97	yacht
95	yahoo
94	yak
95	yam
93	yang
92	yard
92	yarmulke
95	yarn
94	yawl
96	year
97	yeast
98	yellow
99	yesterday
98	yew
95	yin
91	yoga
97	yogurt
92	yoke
93	young
96	youngster
92	yourself
93	youth
95	yoyo
97	yurt
92	zampone
91	zebra
93	zebrafish
95	zen
96	zephyr
95	zero
97	ziggurat
91	zinc
96	zipper
96	zither
92	zombie
92	zone
95	zoo
97	zoologist
99	zoology
97	zoot-suit
93	zucchini
